{"count":1,"gauges":{},"self":34.0694528,"total":36.2194498,"children":{"AgentResetIfDone":{"count":1793,"self":0.0159384,"total":0.0159384,"children":null},"AgentSendState":{"count":1793,"self":0.044873699999999996,"total":0.128077,"children":{"CollectObservations":{"count":1793,"self":0.0832033,"total":0.0832033,"children":null}}},"DecideAction":{"count":1793,"self":1.9890446,"total":1.9890446,"children":null},"AcademyStep":{"count":1793,"self":0.0029931999999999997,"total":0.0029931999999999997,"children":null},"AgentAct":{"count":1793,"self":0.0139438,"total":0.0139438,"children":null}}}