{"count":1,"gauges":{},"self":108.2407808,"total":114.5736333,"children":{"AgentResetIfDone":{"count":5715,"self":0.0479355,"total":0.0479355,"children":null},"AgentSendState":{"count":5715,"self":0.1677222,"total":0.46231649999999996,"children":{"CollectObservations":{"count":5715,"self":0.2945943,"total":0.2945943,"children":null}}},"DecideAction":{"count":5715,"self":5.7550948,"total":5.7550948,"children":null},"AcademyStep":{"count":5715,"self":0.0107765,"total":0.0107765,"children":null},"AgentAct":{"count":5715,"self":0.055695999999999996,"total":0.055695999999999996,"children":null}}}